,PC1,PC2,order_type 
0,-1.6561816463546253,-2.2554316299245474,R- 
1,-1.6423232751042927,-2.2572788647614743,R- 
2,-1.6284649038545287,-2.259126099598264,R- 
3,-1.614606532603908,-2.2609733344351226,R- 
4,-1.6482764857409613,-2.197355075501287,R- 
5,-1.63441811449071,-2.1992023103380016,R- 
6,-1.620559743240423,-2.20104954517473,R- 
7,-1.5928430007399212,-2.204744014848178,R- 
8,-1.5789846294896526,-2.2065912496849047,R-
